Year,Month,Model,NOI,Category,CarType
2018,1,AS,1373,乘用車,ZINGER
2018,2,AS,693,乘用車,ZINGER
2018,3,AS,1067,乘用車,ZINGER
2018,4,AS,956,乘用車,ZINGER
2018,5,AS,1077,乘用車,ZINGER
2018,6,AS,1084,乘用車,ZINGER
2018,7,AS,1361,乘用車,ZINGER
2018,8,AS,847,乘用車,ZINGER
2018,9,AS,660,乘用車,ZINGER
2018,10,AS,939,乘用車,ZINGER
2018,11,AS,1170,乘用車,ZINGER
2018,12,AS,1234,乘用車,ZINGER
2019,1,AS,1124,乘用車,ZINGER
2019,2,AS,835,乘用車,ZINGER
2019,3,AS,1213,乘用車,ZINGER
2019,4,AS,1095,乘用車,ZINGER
2019,5,AS,1239,乘用車,ZINGER
2019,6,AS,1381,乘用車,ZINGER
2019,7,AS,1674,乘用車,ZINGER
2019,8,AS,775,乘用車,ZINGER
2019,9,AS,1074,乘用車,ZINGER
2019,10,AS,1239,乘用車,ZINGER
2019,11,AS,1263,乘用車,ZINGER
2019,12,AS,1267,乘用車,ZINGER
2020,1,AS,1011,乘用車,ZINGER
2020,2,AS,929,乘用車,ZINGER
2020,3,AS,1055,乘用車,ZINGER
2020,4,AS,907,乘用車,ZINGER
2020,5,AS,1047,乘用車,ZINGER
2020,6,AS,1160,乘用車,ZINGER
2020,7,AS,1265,乘用車,ZINGER
2020,8,AS,947,乘用車,ZINGER
2020,9,AS,803,乘用車,ZINGER
2020,10,AS,998,乘用車,ZINGER
2020,11,AS,1123,乘用車,ZINGER
2020,12,AS,1351,乘用車,ZINGER
2021,1,AS,1286,乘用車,ZINGER
2021,2,AS,679,乘用車,ZINGER
2021,3,AS,917,乘用車,ZINGER
2021,4,AS,859,乘用車,ZINGER
2021,5,AS,825,乘用車,ZINGER
2021,6,AS,746,乘用車,ZINGER
2021,7,AS,823,乘用車,ZINGER
2021,8,AS,795,乘用車,ZINGER
2021,9,AS,936,乘用車,ZINGER
2021,10,AS,940,乘用車,ZINGER
2021,11,AS,1025,乘用車,ZINGER
2021,12,AS,1189,乘用車,ZINGER
2022,1,AS,1138,乘用車,ZINGER
2022,2,AS,681,乘用車,ZINGER
2022,3,AS,970,乘用車,ZINGER
2022,4,AS,820,乘用車,ZINGER
2022,5,AS,754,乘用車,ZINGER
2022,6,AS,850,乘用車,ZINGER
2022,7,AS,994,乘用車,ZINGER
2022,8,AS,737,乘用車,ZINGER
2022,9,AS,813,乘用車,ZINGER
2022,10,AS,600,乘用車,ZINGER
2022,11,AS,800,乘用車,ZINGER
2022,12,AS,908,乘用車,ZINGER
2020,8,ASP,1,乘用車,ZINGER PIKCUP
2020,9,ASP,542,乘用車,ZINGER PIKCUP
2020,10,ASP,428,乘用車,ZINGER PIKCUP
2020,11,ASP,278,乘用車,ZINGER PIKCUP
2020,12,ASP,332,乘用車,ZINGER PIKCUP
2021,1,ASP,367,乘用車,ZINGER PIKCUP
2021,2,ASP,132,乘用車,ZINGER PIKCUP
2021,3,ASP,160,乘用車,ZINGER PIKCUP
2021,4,ASP,137,乘用車,ZINGER PIKCUP
2021,5,ASP,139,乘用車,ZINGER PIKCUP
2021,6,ASP,133,乘用車,ZINGER PIKCUP
2021,7,ASP,157,乘用車,ZINGER PIKCUP
2021,8,ASP,183,乘用車,ZINGER PIKCUP
2021,9,ASP,170,乘用車,ZINGER PIKCUP
2021,10,ASP,170,乘用車,ZINGER PIKCUP
2021,11,ASP,292,乘用車,ZINGER PIKCUP
2021,12,ASP,265,乘用車,ZINGER PIKCUP
2022,1,ASP,192,乘用車,ZINGER PIKCUP
2022,2,ASP,134,乘用車,ZINGER PIKCUP
2022,3,ASP,223,乘用車,ZINGER PIKCUP
2022,4,ASP,210,乘用車,ZINGER PIKCUP
2022,5,ASP,214,乘用車,ZINGER PIKCUP
2022,6,ASP,197,乘用車,ZINGER PIKCUP
2022,7,ASP,174,乘用車,ZINGER PIKCUP
2022,8,ASP,175,乘用車,ZINGER PIKCUP
2022,9,ASP,152,乘用車,ZINGER PIKCUP
2022,10,ASP,92,乘用車,ZINGER PIKCUP
2022,11,ASP,138,乘用車,ZINGER PIKCUP
2022,12,ASP,154,乘用車,ZINGER PIKCUP
2018,4,BK3門,1,,
2018,6,BK3門,1,,
2018,11,BK3門,1,,
2018,1,BK5門,3,,
2018,2,BK5門,3,,
2018,3,BK5門,2,,
2018,4,BK5門,3,,
2018,5,BK5門,3,,
2018,6,BK5門,2,,
2018,8,BK5門,1,,
2018,9,BK5門,2,,
2018,10,BK5門,4,,
2018,11,BK5門,10,,
2018,12,BK5門,1,,
2019,1,BK5門,2,,
2019,2,BK5門,1,,
2019,3,BK5門,3,,
2019,4,BK5門,1,,
2019,5,BK5門,4,,
2019,6,BK5門,1,,
2019,8,BK5門,1,,
2019,9,BK5門,2,,
2019,10,BK5門,1,,
2019,12,BK5門,1,,
2020,7,BK5門,1,,
2021,1,BK5門,4,,
2021,4,BK5門,1,,
2021,5,BK5門,1,,
2021,11,BK5門,1,,
2022,9,BK5門,1,,
2022,11,BK5門,1,,
2022,12,BK5門,2,,
2018,1,CP,1681,商用車,菱利
2018,2,CP,824,商用車,菱利
2018,3,CP,1757,商用車,菱利
2018,4,CP,1344,商用車,菱利
2018,5,CP,1302,商用車,菱利
2018,6,CP,1295,商用車,菱利
2018,7,CP,1493,商用車,菱利
2018,8,CP,1184,商用車,菱利
2018,9,CP,1264,商用車,菱利
2018,10,CP,576,商用車,菱利
2018,11,CP,294,商用車,菱利
2018,12,CP,488,商用車,菱利
2019,1,CP,291,商用車,菱利
2019,2,CP,218,商用車,菱利
2019,3,CP,271,商用車,菱利
2019,4,CP,163,商用車,菱利
2019,5,CP,170,商用車,菱利
2019,6,CP,152,商用車,菱利
2019,7,CP,165,商用車,菱利
2019,8,CP,64,商用車,菱利
2019,9,CP,57,商用車,菱利
2019,10,CP,64,商用車,菱利
2019,11,CP,20,商用車,菱利
2019,12,CP,34,商用車,菱利
2020,1,CP,8,商用車,菱利
2020,2,CP,6,商用車,菱利
2020,3,CP,31,商用車,菱利
2020,4,CP,10,商用車,菱利
2020,5,CP,6,商用車,菱利
2020,6,CP,158,商用車,菱利
2020,7,CP,172,商用車,菱利
2020,8,CP,135,商用車,菱利
2020,9,CP,146,商用車,菱利
2020,10,CP,2,商用車,菱利
2020,11,CP,3,商用車,菱利
2020,12,CP,1,商用車,菱利
2021,1,CP,1,商用車,菱利
2021,2,CP,2,商用車,菱利
2021,3,CP,3,商用車,菱利
2021,4,CP,2,商用車,菱利
2021,6,CP,1,商用車,菱利
2021,7,CP,4,商用車,菱利
2021,8,CP,7,商用車,菱利
2021,9,CP,4,商用車,菱利
2021,10,CP,1,商用車,菱利
2022,9,CT,2,商用車,中華堅兵
2022,10,CT,219,商用車,中華堅兵
2022,11,CT,207,商用車,中華堅兵
2022,12,CT,168,商用車,中華堅兵
2018,1,DE,179,商用車,DELICA(廂車)
2018,2,DE,113,商用車,DELICA(廂車)
2018,3,DE,252,商用車,DELICA(廂車)
2018,4,DE,209,商用車,DELICA(廂車)
2018,5,DE,211,商用車,DELICA(廂車)
2018,6,DE,222,商用車,DELICA(廂車)
2018,7,DE,211,商用車,DELICA(廂車)
2018,8,DE,219,商用車,DELICA(廂車)
2018,9,DE,197,商用車,DELICA(廂車)
2018,10,DE,174,商用車,DELICA(廂車)
2018,11,DE,158,商用車,DELICA(廂車)
2018,12,DE,173,商用車,DELICA(廂車)
2019,1,DE,165,商用車,DELICA(廂車)
2019,2,DE,140,商用車,DELICA(廂車)
2019,3,DE,172,商用車,DELICA(廂車)
2019,4,DE,147,商用車,DELICA(廂車)
2019,5,DE,149,商用車,DELICA(廂車)
2019,6,DE,177,商用車,DELICA(廂車)
2019,7,DE,169,商用車,DELICA(廂車)
2019,8,DE,128,商用車,DELICA(廂車)
2019,9,DE,399,商用車,DELICA(廂車)
2019,10,DE,360,商用車,DELICA(廂車)
2019,11,DE,246,商用車,DELICA(廂車)
2019,12,DE,295,商用車,DELICA(廂車)
2020,1,DE,223,商用車,DELICA(廂車)
2020,2,DE,299,商用車,DELICA(廂車)
2020,3,DE,345,商用車,DELICA(廂車)
2020,4,DE,288,商用車,DELICA(廂車)
2020,5,DE,250,商用車,DELICA(廂車)
2020,6,DE,289,商用車,DELICA(廂車)
2020,7,DE,363,商用車,DELICA(廂車)
2020,8,DE,244,商用車,DELICA(廂車)
2020,9,DE,348,商用車,DELICA(廂車)
2020,10,DE,247,商用車,DELICA(廂車)
2020,11,DE,250,商用車,DELICA(廂車)
2020,12,DE,333,商用車,DELICA(廂車)
2021,1,DE,272,商用車,DELICA(廂車)
2021,2,DE,232,商用車,DELICA(廂車)
2021,3,DE,310,商用車,DELICA(廂車)
2021,4,DE,260,商用車,DELICA(廂車)
2021,5,DE,245,商用車,DELICA(廂車)
2021,6,DE,199,商用車,DELICA(廂車)
2021,7,DE,248,商用車,DELICA(廂車)
2021,8,DE,263,商用車,DELICA(廂車)
2021,9,DE,277,商用車,DELICA(廂車)
2021,10,DE,285,商用車,DELICA(廂車)
2021,11,DE,281,商用車,DELICA(廂車)
2021,12,DE,297,商用車,DELICA(廂車)
2022,1,DE,183,商用車,DELICA(廂車)
2022,2,DE,241,商用車,DELICA(廂車)
2022,3,DE,414,商用車,DELICA(廂車)
2022,4,DE,498,商用車,DELICA(廂車)
2022,5,DE,274,商用車,DELICA(廂車)
2022,6,DE,304,商用車,DELICA(廂車)
2022,7,DE,263,商用車,DELICA(廂車)
2022,8,DE,295,商用車,DELICA(廂車)
2022,9,DE,308,商用車,DELICA(廂車)
2022,10,DE,289,商用車,DELICA(廂車)
2022,11,DE,257,商用車,DELICA(廂車)
2022,12,DE,321,商用車,DELICA(廂車)
2018,1,DET,726,商用車,DELICA(貨車)
2018,2,DET,391,商用車,DELICA(貨車)
2018,3,DET,891,商用車,DELICA(貨車)
2018,4,DET,580,商用車,DELICA(貨車)
2018,5,DET,593,商用車,DELICA(貨車)
2018,6,DET,582,商用車,DELICA(貨車)
2018,7,DET,717,商用車,DELICA(貨車)
2018,8,DET,493,商用車,DELICA(貨車)
2018,9,DET,645,商用車,DELICA(貨車)
2018,10,DET,603,商用車,DELICA(貨車)
2018,11,DET,537,商用車,DELICA(貨車)
2018,12,DET,543,商用車,DELICA(貨車)
2019,1,DET,572,商用車,DELICA(貨車)
2019,2,DET,467,商用車,DELICA(貨車)
2019,3,DET,703,商用車,DELICA(貨車)
2019,4,DET,672,商用車,DELICA(貨車)
2019,5,DET,609,商用車,DELICA(貨車)
2019,6,DET,518,商用車,DELICA(貨車)
2019,7,DET,556,商用車,DELICA(貨車)
2019,8,DET,525,商用車,DELICA(貨車)
2019,9,DET,870,商用車,DELICA(貨車)
2019,10,DET,808,商用車,DELICA(貨車)
2019,11,DET,684,商用車,DELICA(貨車)
2019,12,DET,713,商用車,DELICA(貨車)
2020,1,DET,395,商用車,DELICA(貨車)
2020,2,DET,667,商用車,DELICA(貨車)
2020,3,DET,731,商用車,DELICA(貨車)
2020,4,DET,729,商用車,DELICA(貨車)
2020,5,DET,796,商用車,DELICA(貨車)
2020,6,DET,866,商用車,DELICA(貨車)
2020,7,DET,918,商用車,DELICA(貨車)
2020,8,DET,679,商用車,DELICA(貨車)
2020,9,DET,748,商用車,DELICA(貨車)
2020,10,DET,719,商用車,DELICA(貨車)
2020,11,DET,839,商用車,DELICA(貨車)
2020,12,DET,1037,商用車,DELICA(貨車)
2021,1,DET,606,商用車,DELICA(貨車)
2021,2,DET,494,商用車,DELICA(貨車)
2021,3,DET,767,商用車,DELICA(貨車)
2021,4,DET,672,商用車,DELICA(貨車)
2021,5,DET,645,商用車,DELICA(貨車)
2021,6,DET,565,商用車,DELICA(貨車)
2021,7,DET,739,商用車,DELICA(貨車)
2021,8,DET,697,商用車,DELICA(貨車)
2021,9,DET,680,商用車,DELICA(貨車)
2021,10,DET,733,商用車,DELICA(貨車)
2021,11,DET,688,商用車,DELICA(貨車)
2021,12,DET,795,商用車,DELICA(貨車)
2022,1,DET,473,商用車,DELICA(貨車)
2022,2,DET,539,商用車,DELICA(貨車)
2022,3,DET,725,商用車,DELICA(貨車)
2022,4,DET,624,商用車,DELICA(貨車)
2022,5,DET,652,商用車,DELICA(貨車)
2022,6,DET,674,商用車,DELICA(貨車)
2022,7,DET,664,商用車,DELICA(貨車)
2022,8,DET,571,商用車,DELICA(貨車)
2022,9,DET,559,商用車,DELICA(貨車)
2022,10,DET,474,商用車,DELICA(貨車)
2022,11,DET,517,商用車,DELICA(貨車)
2022,12,DET,612,商用車,DELICA(貨車)
2019,1,ECP,1,,
2020,1,ECP,2,,
2020,2,ECP,1,,
2020,3,ECP,2,,
2020,8,ECP,1,,
2020,9,ECP,5,,
2020,10,ECP,6,,
2020,11,ECP,3,,
2020,12,ECP,2,,
2021,1,ECP,5,,
2021,2,ECP,3,,
2021,3,ECP,4,,
2021,4,ECP,6,,
2021,5,ECP,1,,
2021,6,ECP,5,,
2021,7,ECP,2,,
2021,8,ECP,4,,
2021,9,ECP,3,,
2021,10,ECP,3,,
2021,11,ECP,1,,
2021,12,ECP,2,,
2022,1,ECP,2,,
2021,6,EJD,6,,
2021,7,EJD,13,,
2021,8,EJD,12,,
2021,9,EJD,6,,
2021,10,EJD,9,,
2021,11,EJD,9,,
2021,12,EJD,6,,
2022,1,EJD,9,,
2022,2,EJD,7,,
2022,3,EJD,18,,
2022,4,EJD,10,,
2022,5,EJD,23,,
2022,6,EJD,27,,
2022,7,EJD,46,,
2022,8,EJD,40,,
2022,9,EJD,68,,
2022,10,EJD,63,,
2022,11,EJD,41,,
2022,12,EJD,14,,
2018,1,GS41,4,乘用車,LANCER
2018,5,GS41,2,乘用車,LANCER
2018,6,GS41,1,乘用車,LANCER
2018,7,GS41,1,乘用車,LANCER
2018,8,GS41,2,乘用車,LANCER
2018,9,GS41,2,乘用車,LANCER
2018,10,GS41,3,乘用車,LANCER
2018,11,GS41,1,乘用車,LANCER
2018,3,GS44S,1,,
2018,1,GS45X,1,乘用車,OUTLANDER
2018,2,GS45X,1,乘用車,OUTLANDER
2018,4,GS45X,1,乘用車,OUTLANDER
2018,5,GS45X,1,乘用車,OUTLANDER
2018,8,GS45X,1,乘用車,OUTLANDER
2018,10,GS45X,1,乘用車,OUTLANDER
2018,11,GS45X,1,乘用車,OUTLANDER
2022,4,GS45X,1,乘用車,OUTLANDER
2018,1,JD,2,商用車,A190
2018,3,JD,2,商用車,A190
2018,4,JD,1,商用車,A190
2018,7,JD,4,商用車,A190
2018,8,JD,3,商用車,A190
2018,9,JD,27,商用車,A190
2018,10,JD,2469,商用車,A190
2018,11,JD,1583,商用車,A190
2018,12,JD,1529,商用車,A190
2019,1,JD,1610,商用車,A190
2019,2,JD,1339,商用車,A190
2019,3,JD,2058,商用車,A190
2019,4,JD,1681,商用車,A190
2019,5,JD,1572,商用車,A190
2019,6,JD,1466,商用車,A190
2019,7,JD,1564,商用車,A190
2019,8,JDP,1301,商用車,A190
2019,9,JDP,1340,商用車,A190
2019,10,JDP,1102,商用車,A190
2019,11,JDP,1127,商用車,A190
2019,12,JDP,1345,商用車,A190
2020,1,JDP,827,商用車,A190
2020,2,JDP,1423,商用車,A190
2020,3,JDP,1262,商用車,A190
2020,4,JDP,1292,商用車,A190
2020,5,JDP,1336,商用車,A190
2020,6,JDP,1401,商用車,A190
2020,7,JDP,1628,商用車,A190
2020,8,JDP,1181,商用車,A190
2020,9,JDP,1547,商用車,A190
2020,10,JDP,1466,商用車,A190
2020,11,JDP,1658,商用車,A190
2020,12,JDP,2177,商用車,A190
2021,1,JDP,1229,商用車,A190
2021,2,JDP,771,商用車,A190
2021,3,JDP,1590,商用車,A190
2021,4,JDP,1207,商用車,A190
2021,5,JDP,1132,商用車,A190
2021,6,JDP,1146,商用車,A190
2021,7,JDP,1366,商用車,A190
2021,8,JDP,1202,商用車,A190
2021,9,JDP,1332,商用車,A190
2021,10,JDP,1266,商用車,A190
2021,11,JDP,1296,商用車,A190
2021,12,JDP,1396,商用車,A190
2022,1,JDP,1094,商用車,A190
2022,2,JDP,1122,商用車,A190
2022,3,JDP,1609,商用車,A190
2022,4,JDP,1351,商用車,A190
2022,5,JDP,1191,商用車,A190
2022,6,JDP,1202,商用車,A190
2022,7,JDP,1216,商用車,A190
2022,8,JDP,1248,商用車,A190
2022,9,JDP,925,商用車,A190
2022,10,JDP,893,商用車,A190
2022,11,JDP,799,商用車,A190
2022,12,JDP,1012,商用車,A190
2019,8,JDV,3,商用車,A180
2019,9,JDV,303,商用車,A180
2019,10,JDV,345,商用車,A180
2019,11,JDV,340,商用車,A180
2019,12,JDV,345,商用車,A180
2020,1,JDV,262,商用車,A180
2020,2,JDV,378,商用車,A180
2020,3,JDV,404,商用車,A180
2020,4,JDV,403,商用車,A180
2020,5,JDV,420,商用車,A180
2020,6,JDV,499,商用車,A180
2020,7,JDV,502,商用車,A180
2020,8,JDV,388,商用車,A180
2020,9,JDV,464,商用車,A180
2020,10,JDV,458,商用車,A180
2020,11,JDV,505,商用車,A180
2020,12,JDV,619,商用車,A180
2021,1,JDV,415,商用車,A180
2021,2,JDV,319,商用車,A180
2021,3,JDV,523,商用車,A180
2021,4,JDV,407,商用車,A180
2021,5,JDV,416,商用車,A180
2021,6,JDV,327,商用車,A180
2021,7,JDV,461,商用車,A180
2021,8,JDV,479,商用車,A180
2021,9,JDV,447,商用車,A180
2021,10,JDV,496,商用車,A180
2021,11,JDV,530,商用車,A180
2021,12,JDV,630,商用車,A180
2022,1,JDV,456,商用車,A180
2022,2,JDV,490,商用車,A180
2022,3,JDV,681,商用車,A180
2022,4,JDV,629,商用車,A180
2022,5,JDV,618,商用車,A180
2022,6,JDV,589,商用車,A180
2022,7,JDV,602,商用車,A180
2022,8,JDV,685,商用車,A180
2022,9,JDV,546,商用車,A180
2022,10,JDV,670,商用車,A180
2022,11,JDV,651,商用車,A180
2022,12,JDV,707,商用車,A180
2021,6,KZ,1,,
2018,1,NPZ45,1028,乘用車,COLTPLUS
2018,2,NPZ45,642,乘用車,COLTPLUS
2018,3,NPZ45,720,乘用車,COLTPLUS
2018,4,NPZ45,567,乘用車,COLTPLUS
2018,5,NPZ45,649,乘用車,COLTPLUS
2018,6,NPZ45,839,乘用車,COLTPLUS
2018,7,NPZ45,1007,乘用車,COLTPLUS
2018,8,NPZ45,570,乘用車,COLTPLUS
2018,9,NPZ45,633,乘用車,COLTPLUS
2018,10,NPZ45,668,乘用車,COLTPLUS
2018,11,NPZ45,665,乘用車,COLTPLUS
2018,12,NPZ45,1225,乘用車,COLTPLUS
2019,1,NPZ45,1187,乘用車,COLTPLUS
2019,2,NPZ45,654,乘用車,COLTPLUS
2019,3,NPZ45,797,乘用車,COLTPLUS
2019,4,NPZ45,793,乘用車,COLTPLUS
2019,5,NPZ45,887,乘用車,COLTPLUS
2019,6,NPZ45,1138,乘用車,COLTPLUS
2019,7,NPZ45,1548,乘用車,COLTPLUS
2019,8,NPZ45,584,乘用車,COLTPLUS
2019,9,NPZ45,705,乘用車,COLTPLUS
2019,10,NPZ45,628,乘用車,COLTPLUS
2019,11,NPZ45,961,乘用車,COLTPLUS
2019,12,NPZ45,1066,乘用車,COLTPLUS
2020,1,NPZ45,905,乘用車,COLTPLUS
2020,2,NPZ45,777,乘用車,COLTPLUS
2020,3,NPZ45,834,乘用車,COLTPLUS
2020,4,NPZ45,774,乘用車,COLTPLUS
2020,5,NPZ45,992,乘用車,COLTPLUS
2020,6,NPZ45,1230,乘用車,COLTPLUS
2020,7,NPZ45,1340,乘用車,COLTPLUS
2020,8,NPZ45,1043,乘用車,COLTPLUS
2020,9,NPZ45,712,乘用車,COLTPLUS
2020,10,NPZ45,948,乘用車,COLTPLUS
2020,11,NPZ45,1166,乘用車,COLTPLUS
2020,12,NPZ45,1428,乘用車,COLTPLUS
2021,1,NPZ45,1455,乘用車,COLTPLUS
2021,2,NPZ45,636,乘用車,COLTPLUS
2021,3,NPZ45,801,乘用車,COLTPLUS
2021,4,NPZ45,835,乘用車,COLTPLUS
2021,5,NPZ45,694,乘用車,COLTPLUS
2021,6,NPZ45,634,乘用車,COLTPLUS
2021,7,NPZ45,663,乘用車,COLTPLUS
2021,8,NPZ45,773,乘用車,COLTPLUS
2021,9,NPZ45,802,乘用車,COLTPLUS
2021,10,NPZ45,847,乘用車,COLTPLUS
2021,11,NPZ45,831,乘用車,COLTPLUS
2021,12,NPZ45,891,乘用車,COLTPLUS
2022,1,NPZ45,917,乘用車,COLTPLUS
2022,2,NPZ45,622,乘用車,COLTPLUS
2022,3,NPZ45,736,乘用車,COLTPLUS
2022,4,NPZ45,1007,乘用車,COLTPLUS
2022,5,NPZ45,834,乘用車,COLTPLUS
2022,6,NPZ45,928,乘用車,COLTPLUS
2022,7,NPZ45,1223,乘用車,COLTPLUS
2022,8,NPZ45,757,乘用車,COLTPLUS
2022,9,NPZ45,1002,乘用車,COLTPLUS
2022,10,NPZ45,817,乘用車,COLTPLUS
2022,11,NPZ45,1063,乘用車,COLTPLUS
2022,12,NPZ45,1327,乘用車,COLTPLUS
2018,1,NS,1164,,
2018,2,NS,428,,
2018,3,NS,465,,
2018,4,NS,524,,
2018,5,NS,603,,
2018,6,NS,484,,
2018,7,NS,629,,
2018,8,NS,350,,
2018,9,NS,625,,
2018,10,NS,723,,
2018,11,NS,631,,
2018,12,NS,882,,
2019,1,NS,575,,
2019,2,NS,507,,
2019,3,NS,575,,
2019,4,NS,498,,
2019,5,NS,443,,
2019,6,NS,551,,
2019,7,NS,517,,
2019,8,NS,524,,
2019,9,NS,517,,
2019,10,NS,540,,
2019,11,NS,528,,
2019,12,NS,535,,
2020,1,NS,323,,
2020,2,NS,269,,
2020,3,NS,680,,
2020,4,NS,419,,
2020,5,NS,350,,
2020,6,NS,393,,
2020,7,NS,332,,
2020,8,NS,259,,
2020,9,NS,249,,
2020,10,NS,302,,
2020,11,NS,379,,
2020,12,NS,188,,
2021,1,NS,379,,
2021,2,NS,232,,
2021,3,NS,282,,
2021,4,NS,204,,
2021,5,NS,122,,
2021,6,NS,103,,
2021,7,NS,107,,
2021,8,NS,117,,
2021,9,NS,142,,
2021,10,NS,154,,
2021,11,NS,176,,
2021,12,NS,166,,
2022,1,NS,125,,
2022,2,NS,114,,
2022,3,NS,145,,
2022,4,NS,170,,
2022,5,NS,186,,
2022,6,NS,148,,
2022,7,NS,138,,
2022,8,NS,217,,
2022,9,NS,173,,
2022,10,NS,150,,
2022,11,NS,163,,
2022,12,NS,152,,
2018,1,RE,1059,乘用車,OUTLANDER
2018,2,RE,513,乘用車,OUTLANDER
2018,3,RE,865,乘用車,OUTLANDER
2018,4,RE,874,乘用車,OUTLANDER
2018,5,RE,962,乘用車,OUTLANDER
2018,6,RE,905,乘用車,OUTLANDER
2018,7,RE,962,乘用車,OUTLANDER
2018,8,RE,589,乘用車,OUTLANDER
2018,9,RE,798,乘用車,OUTLANDER
2018,10,RE,916,乘用車,OUTLANDER
2018,11,RE,1049,乘用車,OUTLANDER
2018,12,RE,1424,乘用車,OUTLANDER
2019,1,RE,1350,乘用車,OUTLANDER
2019,2,RE,819,乘用車,OUTLANDER
2019,3,RE,1099,乘用車,OUTLANDER
2019,4,RE,988,乘用車,OUTLANDER
2019,5,RE,1175,乘用車,OUTLANDER
2019,6,RE,1318,乘用車,OUTLANDER
2019,7,RE,1425,乘用車,OUTLANDER
2019,8,RE,543,乘用車,OUTLANDER
2019,9,RE,750,乘用車,OUTLANDER
2019,10,RE,866,乘用車,OUTLANDER
2019,11,RE,865,乘用車,OUTLANDER
2019,12,RE,853,乘用車,OUTLANDER
2020,1,RE,652,乘用車,OUTLANDER
2020,2,RE,594,乘用車,OUTLANDER
2020,3,RE,738,乘用車,OUTLANDER
2020,4,RE,607,乘用車,OUTLANDER
2020,5,RE,721,乘用車,OUTLANDER
2020,6,RE,851,乘用車,OUTLANDER
2020,7,RE,917,乘用車,OUTLANDER
2020,8,RE,722,乘用車,OUTLANDER
2020,9,RE,510,乘用車,OUTLANDER
2020,10,RE,697,乘用車,OUTLANDER
2020,11,RE,706,乘用車,OUTLANDER
2020,12,RE,818,乘用車,OUTLANDER
2021,1,RE,1014,乘用車,OUTLANDER
2021,2,RE,459,乘用車,OUTLANDER
2021,3,RE,626,乘用車,OUTLANDER
2021,4,RE,588,乘用車,OUTLANDER
2021,5,RE,458,乘用車,OUTLANDER
2021,6,RE,311,乘用車,OUTLANDER
2021,7,RE,398,乘用車,OUTLANDER
2021,8,RE,425,乘用車,OUTLANDER
2021,9,RE,584,乘用車,OUTLANDER
2021,10,RE,659,乘用車,OUTLANDER
2021,11,RE,601,乘用車,OUTLANDER
2021,12,RE,632,乘用車,OUTLANDER
2022,1,RE,588,乘用車,OUTLANDER
2022,2,RE,361,乘用車,OUTLANDER
2022,3,RE,544,乘用車,OUTLANDER
2022,4,RE,501,乘用車,OUTLANDER
2022,5,RE,469,乘用車,OUTLANDER
2022,6,RE,556,乘用車,OUTLANDER
2022,7,RE,499,乘用車,OUTLANDER
2022,8,RE,300,乘用車,OUTLANDER
2022,9,RE,357,乘用車,OUTLANDER
2022,10,RE,465,乘用車,OUTLANDER
2022,11,RE,511,乘用車,OUTLANDER
2022,12,RE,534,乘用車,OUTLANDER
2018,1,RE-PHEV,4,,
2018,4,RE-PHEV,2,,
2018,5,RE-PHEV,1,,
2018,7,RE-PHEV,1,,
2018,9,RE-PHEV,1,,
2018,10,RE-PHEV,1,,
2018,11,RE-PHEV,1,,
2018,12,RE-PHEV,1,,
2019,1,RE-PHEV,2,,
2019,2,RE-PHEV,1,,
2019,3,RE-PHEV,3,,
2019,4,RE-PHEV,1,,
2019,10,RE-PHEV,1,,
2019,11,RE-PHEV,3,,
2020,1,RE-PHEV,1,,
2020,2,RE-PHEV,1,,
2020,7,RE-PHEV,1,,
2020,8,RE-PHEV,1,,
2020,10,RE-PHEV,1,,
2021,1,RE-PHEV,1,,
2021,3,RE-PHEV,1,,
2021,4,RE-PHEV,104,,
2021,5,RE-PHEV,93,,
2021,6,RE-PHEV,28,,
2021,7,RE-PHEV,29,,
2021,8,RE-PHEV,16,,
2021,9,RE-PHEV,1,,
2021,10,RE-PHEV,4,,
2021,11,RE-PHEV,2,,
2021,12,RE-PHEV,2,,
2022,1,RE-PHEV,4,,
2022,2,RE-PHEV,4,,
2022,3,RE-PHEV,3,,
2022,5,RE-PHEV,1,,
2022,6,RE-PHEV,1,,
2022,7,RE-PHEV,3,,
2022,9,RE-PHEV,3,,
2022,10,RE-PHEV,1,,
2022,11,RE-PHEV,4,,
2018,1,SD,25,,
2018,2,SD,16,,
2018,3,SD,45,,
2018,4,SD,25,,
2018,5,SD,30,,
2018,6,SD,51,,
2018,7,SD,57,,
2018,8,SD,32,,
2018,9,SD,17,,
2018,10,SD,16,,
2018,11,SD,29,,
2018,12,SD,23,,
2019,1,SD,25,,
2019,2,SD,17,,
2019,3,SD,22,,
2019,4,SD,27,,
2019,5,SD,66,,
2019,6,SD,59,,
2019,7,SD,53,,
2019,8,SD,17,,
2019,9,SD,24,,
2019,11,SD,1,,
2019,12,SD,1,,
2020,7,SD,1,,
2018,1,SR,509,乘用車,LANCER
2018,2,SR,315,乘用車,LANCER
2018,3,SR,495,乘用車,LANCER
2018,4,SR,372,乘用車,LANCER
2018,5,SR,416,乘用車,LANCER
2018,6,SR,369,乘用車,LANCER
2018,7,SR,428,乘用車,LANCER
2018,8,SR,235,乘用車,LANCER
2018,9,SR,266,乘用車,LANCER
2018,10,SR,641,乘用車,LANCER
2018,11,SR,417,乘用車,LANCER
2018,12,SR,346,乘用車,LANCER
2019,1,SR,316,乘用車,LANCER
2019,2,SR,227,乘用車,LANCER
2019,3,SR,251,乘用車,LANCER
2019,4,SR,255,乘用車,LANCER
2019,5,SR,501,乘用車,LANCER
2019,6,SR,434,乘用車,LANCER
2019,7,SR,361,乘用車,LANCER
2019,8,SR,364,乘用車,LANCER
2019,9,SR,494,乘用車,LANCER
2019,10,SR,411,乘用車,LANCER
2019,11,SR,397,乘用車,LANCER
2019,12,SR,475,乘用車,LANCER
2020,1,SR,320,乘用車,LANCER
2020,2,SR,301,乘用車,LANCER
2020,3,SR,322,乘用車,LANCER
2020,4,SR,348,乘用車,LANCER
2020,5,SR,392,乘用車,LANCER
2020,6,SR,420,乘用車,LANCER
2020,7,SR,396,乘用車,LANCER
2020,8,SR,294,乘用車,LANCER
2020,9,SR,192,乘用車,LANCER
2020,10,SR,285,乘用車,LANCER
2020,11,SR,312,乘用車,LANCER
2020,12,SR,331,乘用車,LANCER
2021,1,SR,387,乘用車,LANCER
2021,2,SR,260,乘用車,LANCER
2021,3,SR,250,乘用車,LANCER
2021,4,SR,207,乘用車,LANCER
2021,5,SR,179,乘用車,LANCER
2021,6,SR,157,乘用車,LANCER
2021,7,SR,167,乘用車,LANCER
2021,8,SR,191,乘用車,LANCER
2021,9,SR,205,乘用車,LANCER
2021,10,SR,215,乘用車,LANCER
2021,11,SR,234,乘用車,LANCER
2021,12,SR,276,乘用車,LANCER
2022,1,SR,238,乘用車,LANCER
2022,2,SR,134,乘用車,LANCER
2022,3,SR,151,乘用車,LANCER
2022,4,SR,160,乘用車,LANCER
2022,5,SR,150,乘用車,LANCER
2022,6,SR,142,乘用車,LANCER
2022,7,SR,185,乘用車,LANCER
2022,8,SR,98,乘用車,LANCER
2022,9,SR,165,乘用車,LANCER
2022,10,SR,115,乘用車,LANCER
2022,11,SR,151,乘用車,LANCER
2022,12,SR,196,乘用車,LANCER
2018,2,ZC,1,,
2018,3,ZC,1,,
2018,4,ZC,2,,
2018,8,ZC,1,,
